uvyqVZFxSqc,UCWJ2lWNubArHWmf3FIHbfcQ,12300000,2019-11-09T07:54:23.000Z,17,155,785031
Wp8BoG5FOIM,UCiWLfSweyRNmLpgEHekhoAg,6000000,2019-11-09T02:11:41.000Z,17,321,426812
MvETB9gNUz0,UCTv-XvfzLX3i4IGWAm4sbmA,4790000,2019-11-09T22:47:42.000Z,17,91,3254184
4cddYFq9ZQk,UCi7GJNg51C3jgmYTUwqoUXA,7430000,2019-11-09T17:00:00.000Z,23,128,322088
tzeMZc34DTA,UCpi8TJfiA4lKGkaXs__YdBA,6520000,2019-11-09T16:00:10.000Z,23,1381,1987308
uOyiZWiuCH8,UCXIJgqnII2ZOINSWNOGFThA,3760000,2019-11-09T03:49:42.000Z,25,185,370052
6byFOyExbzs,UCp0hYYBW6IMayGgR-WeoCvQ,35200000,2019-11-09T15:00:00.000Z,24,363,471009
XO1fNrVROKs,UCTv-XvfzLX3i4IGWAm4sbmA,4790000,2019-11-09T23:00:03.000Z,17,91,1371501
JFXm_Ay7fRM,UCTv-XvfzLX3i4IGWAm4sbmA,4790000,2019-11-09T23:00:00.000Z,17,91,650442
4FG_ExEvKxg,UCWJ2lWNubArHWmf3FIHbfcQ,12300000,2019-11-09T06:05:56.000Z,17,238,143613
tmeMcLNx8jo,UCiWLfSweyRNmLpgEHekhoAg,6000000,2019-11-09T04:58:44.000Z,17,259,329485
pRuw_8R3a8g,UCGCVyTWogzQ4D170BLy2Arw,7460000,2019-11-09T16:28:41.000Z,24,1084,1948994
BAaGOazzeqw,UCWJ2lWNubArHWmf3FIHbfcQ,12300000,2019-11-09T06:48:47.000Z,17,217,163435
tdvITEg_dHI,UCNAf1k0yIjyGu3k9BwAg3lg,1620000,2019-11-09T12:00:14.000Z,17,96,121614
Ee8DTzEQEOY,UCiWLfSweyRNmLpgEHekhoAg,6000000,2019-11-09T05:45:10.000Z,17,274,162594
iKUFCX6hdhM,UCTv-XvfzLX3i4IGWAm4sbmA,4790000,2019-11-09T23:00:09.000Z,17,91,158271
_N33viV5IEI,UCTv-XvfzLX3i4IGWAm4sbmA,4790000,2019-11-09T20:48:45.000Z,17,91,1437384
hinUufCCJM8,UCooTLkxcpnTNx6vfOovfBFA,627000,2019-11-09T22:28:40.000Z,17,131,314323
DrMNHN_OjAE,UCi7GJNg51C3jgmYTUwqoUXA,7430000,2019-11-09T17:00:02.000Z,23,73,351528
7l1_r8a6wBY,UCWOA1ZGywLbqmigxE4Qlvuw,11700000,2019-11-09T19:00:00.000Z,24,174,101866
EoCUC4zu7vw,UCqZQlzSHbVJrwrn5XvzrzcA,1020000,2019-11-09T16:23:02.000Z,17,839,304836
21vWn3QoRcw,UCXIJgqnII2ZOINSWNOGFThA,3760000,2019-11-09T01:54:35.000Z,25,196,140061
0pXkari-b5M,UCqZQlzSHbVJrwrn5XvzrzcA,1020000,2019-11-09T21:10:39.000Z,17,952,422800
VRH9sM9Q4LM,UCiWLfSweyRNmLpgEHekhoAg,6000000,2019-11-09T01:00:02.000Z,17,186,146948
mzEilNDSh-c,UC9-OpMMVoNP5o10_Iyq7Ndw,1470000,2019-11-09T07:01:14.000Z,17,94,136493
OibgYxJ9KPU,UCIEv3lZ_tNXHzL3ox-_uUGQ,11800000,2019-11-09T17:00:02.000Z,24,188,1135423
tdbwP6q5aIs,UCWJ2lWNubArHWmf3FIHbfcQ,12300000,2019-11-09T06:09:21.000Z,17,574,134007
ilE4lr9Qb3A,UCw6sbdbTWFDnjC-9Vi4g1eg,172000,2019-11-09T14:00:05.000Z,23,308,138187
kqFMquRAml0,UC1zZE_kJ8rQHgLTVfobLi_g,12100000,2019-11-09T23:03:51.000Z,27,736,1794032
jXL8diJVtKY,UC0YatYmg5JRYzXJPxIdRd8g,222000,2019-11-09T20:06:56.000Z,24,333,110048
atRlhQCBoyk,UCTv-XvfzLX3i4IGWAm4sbmA,4790000,2019-11-09T23:00:00.000Z,17,90,75098
XRhguKIm58Q,UCt8jfvd9skBAOT6XJwc_mJg,1210000,2019-11-09T02:59:45.000Z,24,292,70937
3SMSUBgZPjQ,UCqhnX4jA0A5paNd1v-zEysw,7960000,2019-11-09T17:00:01.000Z,17,120,357852
p8GnFrvEUPg,UCNAf1k0yIjyGu3k9BwAg3lg,1620000,2019-11-09T21:14:39.000Z,17,149,124406
RYD_SWas2LA,UCqZQlzSHbVJrwrn5XvzrzcA,1020000,2019-11-09T19:24:40.000Z,17,610,66775
1ap9VJViZTQ,UCp0hYYBW6IMayGgR-WeoCvQ,35200000,2019-11-09T14:00:00.000Z,24,149,88558
ek-n0c9yKic,UCJ5v_MCY6GNUBTO8-D3XoAg,50900000,2019-11-09T03:48:15.000Z,17,167,286758
iSgjwG5ppts,UC9-OpMMVoNP5o10_Iyq7Ndw,1470000,2019-11-09T15:02:37.000Z,17,225,65923
n8zpzQNYdrc,UCNAf1k0yIjyGu3k9BwAg3lg,1620000,2019-11-09T08:00:06.000Z,17,265,306787
XP6Gm8LKkQY,UCWJ2lWNubArHWmf3FIHbfcQ,12300000,2019-11-09T05:14:24.000Z,17,326,105991
hdLN_M3F7eo,UCWJ2lWNubArHWmf3FIHbfcQ,12300000,2019-11-09T05:45:57.000Z,17,567,64377
hP1EFUMhfZA,UCiWLfSweyRNmLpgEHekhoAg,6000000,2019-11-09T07:45:01.000Z,17,213,167053
DJ6eFBF6gTc,UCqZQlzSHbVJrwrn5XvzrzcA,1020000,2019-11-09T14:48:43.000Z,17,109,54023
dnWtJfYMZZ4,UCXIJgqnII2ZOINSWNOGFThA,3760000,2019-11-09T00:58:51.000Z,25,372,248555
GopKaf11F5Y,UCqZQlzSHbVJrwrn5XvzrzcA,1020000,2019-11-09T18:26:27.000Z,17,632,60440
WdZowGPtZJE,UCWJ2lWNubArHWmf3FIHbfcQ,12300000,2019-11-09T04:12:34.000Z,17,558,98947
dmAnlB4zmSM,UC9-OpMMVoNP5o10_Iyq7Ndw,1470000,2019-11-09T06:26:45.000Z,17,283,68989
y_ziBdLhQBY,UCvJJ_dzjViJCoLf5uKUTwoA,1170000,2019-11-09T15:00:15.000Z,25,780,943865
WbEQ7XgW3e0,UC_JQGBtA7P0RwkRxd7xpJcA,503000,2019-11-09T00:19:29.000Z,17,479,2438381
HDwP6_623KY,UCqFzWxSCi39LnW1JKFR3efg,9110000,2019-11-09T17:00:05.000Z,24,1094,186123
qjNJDIXXnSk,UCqQo7ewe87aYAe7ub5UqXMw,1730000,2019-11-09T04:04:07.000Z,17,163,16871
oxDTCfPryTI,UCqZQlzSHbVJrwrn5XvzrzcA,1020000,2019-11-09T18:35:59.000Z,17,952,191834
Z6iiV1pm3ac,UCqZQlzSHbVJrwrn5XvzrzcA,1020000,2019-11-09T19:14:30.000Z,17,615,43344
19ZZBsMibF8,UCNAf1k0yIjyGu3k9BwAg3lg,1620000,2019-11-09T14:05:35.000Z,17,590,300889
cDjM4EYlT_w,UCdlEXiVLTEvA280oyMvr8Kw,1250000,2019-11-09T17:01:17.000Z,23,1130,2556369
caHku_YVuOw,UCJ5v_MCY6GNUBTO8-D3XoAg,50900000,2019-11-09T03:26:22.000Z,17,72,357389
nzVLzhS-E88,UCWJ2lWNubArHWmf3FIHbfcQ,12300000,2019-11-09T04:43:08.000Z,17,585,76660
HvFqncchQRk,UC4LeRw7pIZ_kseS4Krn_DQA,173000,2019-11-09T21:54:55.000Z,17,245,139237
vD6Vxp15kxI,UCEY1ejsweY4DgMwOVJeEaBA,8150000,2019-11-09T20:28:04.000Z,24,137,172621
Bhw9W64ntmg,UCBJeMCIeLQos7wacox4hmLQ,3520000,2019-11-09T20:00:28.000Z,17,253,1146551
5S_bD6x_Dk0,UC5M_h2S8Ldoc9M6f7B-_m6A,6730000,2019-11-09T15:00:00.000Z,24,369,170898
emRercvCw0s,UCWJ2lWNubArHWmf3FIHbfcQ,12300000,2019-11-09T04:58:35.000Z,17,568,60452
TFh1x84lfAs,UC_JQGBtA7P0RwkRxd7xpJcA,503000,2019-11-09T19:15:02.000Z,17,110,80719
g8OfYYziIio,UCgwv23FVv3lqh567yagXfNg,16400000,2019-11-09T01:00:02.000Z,10,123,459407
wDREGbfywvk,UCoQBJMzcwmXrRSHBFAlTsIw,145000,2019-11-09T10:39:59.000Z,25,363,1690102
9sXm2dUeCT4,UCgwv23FVv3lqh567yagXfNg,16400000,2019-11-09T01:00:00.000Z,10,88,621383
n7hzomuDEIk,UCW39zufHfsuGgpLviKh297Q,1010000,2019-11-09T19:00:09.000Z,27,2546,243450
GK_i7MV1b-A,UChFsYLqPUyLiZnfRog6wiZA,1440000,2019-11-09T10:00:02.000Z,24,842,168285
pzm39hC5KUg,UCBi2mrWuNuyYy4gbM6fU18Q,6860000,2019-11-09T16:53:11.000Z,25,533,48064
jDgg6dRl0L8,UCJFp8uSYCjXOMnkUyb3CQ3Q,16700000,2019-11-09T20:00:07.000Z,26,225,171929
DXARg0lAyvU,UC6AG81pAkf6Lbi_1VC5NmPA,124000,2019-11-09T10:22:26.000Z,25,316,1897484
WN1yCigL3Hk,UCH4BNI0-FOK2dMXoFtViWHw,2990000,2019-11-09T14:32:17.000Z,27,600,195418
ZKolQhy3i6w,UCgwv23FVv3lqh567yagXfNg,16400000,2019-11-09T01:00:05.000Z,10,209,284068
A1VW8S_dnIY,UC9-OpMMVoNP5o10_Iyq7Ndw,1470000,2019-11-09T06:09:55.000Z,17,289,30154
66bCtdptcdA,UCWJ2lWNubArHWmf3FIHbfcQ,12300000,2019-11-09T05:03:19.000Z,17,55,115718
QoHNyNuFqew,UCJ5v_MCY6GNUBTO8-D3XoAg,50900000,2019-11-09T03:15:40.000Z,17,181,246561
60Hw6hKBMu8,UCW6-BQWFA70Dyyc7ZpZ9Xlg,274000,2019-11-09T08:13:25.000Z,17,507,432820
wqz0YsaHp0w,UCgwv23FVv3lqh567yagXfNg,16400000,2019-11-09T01:00:06.000Z,10,109,596106
JMhtwxe2f0A,UCLkAepWjdylmXSltofFvsYQ,23400000,2019-11-09T07:00:03.000Z,10,153,2107425
pXLo47_3czY,UCJFp8uSYCjXOMnkUyb3CQ3Q,16700000,2019-11-09T23:00:06.000Z,26,215,146534
Os00AstFR4E,UCU2PacFf99vhb3hNiYDmxww,1460000,2019-11-09T22:00:01.000Z,17,149,1096135
oSL6JfpxGYg,UCWJ2lWNubArHWmf3FIHbfcQ,12300000,2019-11-09T04:12:19.000Z,17,578,82799
1ANGz-sJqsg,UC4LeRw7pIZ_kseS4Krn_DQA,173000,2019-11-09T21:09:18.000Z,17,250,16213
JjoiCwwtGFg,UC1XrG1M_hw8103zO2x-oivg,2750000,2019-11-09T17:30:00.000Z,24,669,335114
TRbCRZJTSOE,UCVTQuK2CaWaTgSsoNkn5AiQ,1860000,2019-11-09T00:56:51.000Z,24,71,367449
-HvZ7c0F9ik,UCOmcA3f_RrH6b9NmcNa4tdg,2370000,2019-11-09T20:23:58.000Z,28,251,129519
4PYLE68Tusw,UCWJ2lWNubArHWmf3FIHbfcQ,12300000,2019-11-09T04:44:56.000Z,17,192,52639
RmTeYWKoC_E,UCEY1ejsweY4DgMwOVJeEaBA,8150000,2019-11-09T20:57:40.000Z,24,160,274342
xOe__WyEvqE,UC4i_9WvfPRTuRWEaWyfKuFw,2440000,2019-11-09T15:21:30.000Z,17,236,242729
wjoRbUTOz98,UC1XrG1M_hw8103zO2x-oivg,2750000,2019-11-09T11:30:00.000Z,24,559,162524
0MDsAN0E81g,UCJ5v_MCY6GNUBTO8-D3XoAg,50900000,2019-11-09T16:00:01.000Z,17,926,474158
DHLi6Ds-ZHA,UCqZQlzSHbVJrwrn5XvzrzcA,1020000,2019-11-09T14:31:47.000Z,17,102,24191
9PlDPyTtxjM,UCzlzGhKI5Y1LIeDJI53cWjQ,3750000,2019-11-09T00:30:00.000Z,24,1024,592329
-OJ3iAJ5AiA,UCEY1ejsweY4DgMwOVJeEaBA,8150000,2019-11-09T22:06:13.000Z,24,163,219926
eoIuSJsPbjg,UCe52oeb7Xv_KaJsEzcKXJJg,7290000,2019-11-09T21:49:08.000Z,10,200,431506
mqtL_k4bdFA,UCiWLfSweyRNmLpgEHekhoAg,6000000,2019-11-09T08:15:00.000Z,17,371,67425
UItPPJNhtYc,UC_JQGBtA7P0RwkRxd7xpJcA,503000,2019-11-09T14:33:31.000Z,17,613,303712
jzZ8nVGAffo,UCdlEXiVLTEvA280oyMvr8Kw,1250000,2019-11-09T17:01:17.000Z,23,637,472077
RFOZkAIrniw,UCqZQlzSHbVJrwrn5XvzrzcA,1020000,2019-11-09T14:13:45.000Z,17,517,44392
6ewXwmc-i5Y,UCdM8C3ufiI-i-I1XSugKVvg,2090000,2019-11-09T16:00:00.000Z,24,75,25422
jzZ8nVGAffo,UCdlEXiVLTEvA280oyMvr8Kw,1250000,2019-11-09T17:01:17.000Z,23,637,472077
RFOZkAIrniw,UCqZQlzSHbVJrwrn5XvzrzcA,1020000,2019-11-09T14:13:45.000Z,17,517,44392
ragtQLZW3po,UCiWLfSweyRNmLpgEHekhoAg,6000000,2019-11-09T02:00:04.000Z,17,394,105716
q-dP2vw_h4g,UC4i_9WvfPRTuRWEaWyfKuFw,2440000,2019-11-09T15:25:31.000Z,17,108,98075
fT2nYGKyqPw,UC6o-wWU-v2ClFMwougmK7dA,453000,2019-11-09T00:31:13.000Z,25,335,138112
9r_ZXw3aCP0,UCqmQ1b96-PNH4coqgHTuTlA,607000,2019-11-09T13:00:01.000Z,25,924,123189
5aD6XQZrL1A,UCBJeMCIeLQos7wacox4hmLQ,3520000,2019-11-09T17:07:38.000Z,17,254,187005
lzrKag-lH-c,UCcOeS5aEIadAhKtJ9_VKAIw,3570000,2019-11-09T16:00:04.000Z,22,434,229759
BD_W4wWUT3k,UCB_qr75-ydFVKSF9Dmo6izg,3030000,2019-11-09T11:15:00.000Z,17,125,212846
Km8TDlhoUGg,UC6ZFN9Tx6xh-skXCuRHCDpQ,1480000,2019-11-09T00:12:41.000Z,25,714,63321
cEIWv5IRRGk,UCY3NEq2LYrmdoGkevo9BH5A,803000,2019-11-09T01:00:03.000Z,17,425,54340
LYeAk2kuFvs,UCiWLfSweyRNmLpgEHekhoAg,6000000,2019-11-09T17:00:04.000Z,17,338,70813
AIyBfJirLtk,UCsA_vkmuyIRlYYXeJueyIJQ,6990000,2019-11-09T08:06:32.000Z,2,1563,81739
ljquwi20q9Q,UChDKyKQ59fYz3JO2fl0Z6sg,1520000,2019-11-09T16:52:47.000Z,25,105,4813
K5MMlvJc4Hg,UCZYTClx2T1of7BRZ86-8fow,5930000,2019-11-09T22:00:02.000Z,27,187,126655
zH0r0wMzICo,UCiamy6DLsjIeCgfz8TLXg9Q,491000,2019-11-09T17:00:17.000Z,22,398,649877
t7dP7BV6q4A,UC8HEl74jL3bLLwfDP1OALxw,4380000,2019-11-09T15:00:09.000Z,24,206,797168
EqTdf7q1x5g,UCe52oeb7Xv_KaJsEzcKXJJg,7290000,2019-11-09T08:58:59.000Z,10,201,240121
FMrGN4U0XoM,UCstEtN0pgOmCf02EdXsGChw,23000000,2019-11-09T16:24:01.000Z,24,993,371232
OZ2ddsgMd8A,UCe52oeb7Xv_KaJsEzcKXJJg,7290000,2019-11-09T21:49:08.000Z,10,192,468413
OBkdMSoxIQc,UCJ5v_MCY6GNUBTO8-D3XoAg,50900000,2019-11-09T02:12:32.000Z,17,144,164189
b8vDwn5wNc4,UCdlEXiVLTEvA280oyMvr8Kw,1250000,2019-11-09T17:01:17.000Z,23,975,909309
MEiLp974d1g,UCiWLfSweyRNmLpgEHekhoAg,6000000,2019-11-09T00:18:35.000Z,17,274,149177
Xcbi5MlMago,UCvbTYgbzLcCginSC03fhmwg,2930000,2019-11-09T23:30:20.000Z,10,1654,790330
v35HZoSw2Kw,UCgurmV2nVq_1DUb2pvGOKmg,244000,2019-11-09T22:45:01.000Z,24,174,216755
UDGwxLVUw3I,UCYpRDnhk5H8h16jpS84uqsA,655000,2019-11-09T06:45:00.000Z,25,395,67137
J80J4oaGVnY,UCSHtaUm-FjUps090S7crO4Q,384000,2019-11-09T12:00:01.000Z,26,1491,1509802
FCgy7HdoSIE,UC4i_9WvfPRTuRWEaWyfKuFw,2440000,2019-11-09T15:46:12.000Z,17,197,262418
9nCbXRwKfS4,UC9JMe_We017gYrRc7kZHgmg,2850000,2019-11-09T21:18:05.000Z,1,66,772820
DHoBmsp9oRE,UCGie8GMlUo3kBKIopdvumVQ,534000,2019-11-09T11:25:36.000Z,24,190,313421
waiR-RqjxLs,UCdmauIL-k-djcct-yMrf82A,5000000,2019-11-09T09:00:19.000Z,1,504,453931
G-NeeCdsetM,UCiWLfSweyRNmLpgEHekhoAg,6000000,2019-11-09T08:45:00.000Z,17,221,76998
uHUd7K9f-y4,UCGvIBxqin_rx3sY9qacQEhQ,587000,2019-11-09T15:00:09.000Z,24,240,267779
znU_hlAI4Hg,UC4PooiX37Pld1T8J5SYT-SQ,15900000,2019-11-09T11:00:10.000Z,24,1934,834196
LvSy6R27ujk,UCCzteqZRzsr87Lfh2wUKw5Q,344000,2019-11-09T21:19:27.000Z,1,60,2026553
ZPKdJGY0YyE,UCa90xqK2odw1KV5wHU9WRhg,1560000,2019-11-09T20:00:09.000Z,24,915,409806
ITVPKMznN8w,UCBkRQtxofyXr09mWtgoUUqw,131000,2019-11-09T22:39:06.000Z,17,127,697736
IFEQAurC57Q,UCBlbxksRa-KRSEKLi6foxjQ,2960000,2019-11-09T18:30:01.000Z,24,262,5192187
kQMAkMdWcgI,UC0DM_mHV2u6dj8ig51GkQwg,6910000,2019-11-09T03:15:00.000Z,24,133,75262
xrgrBJc-64c,UCixD9UbKvDxzGNiPC_fgHyA,621000,2019-11-09T00:00:13.000Z,19,390,230814
aqWLOm6ONIs,UC8f7MkX4MFOOJ2SerXLInCA,19700000,2019-11-09T16:45:02.000Z,24,280,541130
nzVLzhS-E88,UCWJ2lWNubArHWmf3FIHbfcQ,12300000,2019-11-09T04:43:08.000Z,17,585,76660
fNs_AH3o6HI,UCdlEXiVLTEvA280oyMvr8Kw,1250000,2019-11-09T17:01:17.000Z,23,656,337026
3ssp2br1-Og,UC0-p7mK8hRVvV86yREq342A,251000,2019-11-09T21:16:38.000Z,24,156,513994
3dfPFxWTWF0,UCIRYBXDze5krPDzAEOxFGVA,618000,2019-11-09T04:21:02.000Z,25,100,78054
u67f4Smy2k8,UC8p1vwvWtl6T73JiExfWs1g,1980000,2019-11-09T22:29:09.000Z,25,458,119625
QiSpX2iQH2Q,UCzlzGhKI5Y1LIeDJI53cWjQ,3750000,2019-11-09T03:30:00.000Z,24,473,243454
ldZrsdYR6L0,UCvgfXK4nTYKudb0rFR6noLA,7810000,2019-11-09T22:38:44.000Z,17,157,545585
JmtWbDUiLBI,UCgwv23FVv3lqh567yagXfNg,16400000,2019-11-09T05:00:00.000Z,10,221,141578
FgiCbRfBdSU,UCRFsyeKu07-LnHDG44O6uCA,335000,2019-11-09T17:47:24.000Z,17,329,75670
vdVMYAUgeVI,UCX2M7xn-jMmq4KfX25TCTCA,650000,2019-11-09T02:30:00.000Z,1,1570,683596
MvZazasMreo,UCKjU3KzdbJE1EFcHVqXC3_g,553000,2019-11-09T03:58:23.000Z,25,241,212690
-sVRvwj2nlk,UCw7SNYrYei7F5ttQO3o-rpA,3650000,2019-11-09T17:46:07.000Z,24,516,306489
RHhtOfb1uN0,UCU8bQExxd38i-mnn-GLOtfA,848000,2019-11-09T23:07:06.000Z,17,157,215549
i4lTBu1E39k,UCeFCTtD5ZD2HJi-Xchiqjbw,1110000,2019-11-09T15:00:14.000Z,24,617,340204
hdPbWM2ymas,UCuTaETsuCOkJ0H_GAztWt0Q,1900000,2019-11-09T16:46:40.000Z,17,1067,107657
yyz3-bH8xFY,UCzrdtk6p4SaakMz2ZmOkCQQ,961000,2019-11-09T15:43:38.000Z,17,377,78852
nhQs1iLF0Jk,UC9-OpMMVoNP5o10_Iyq7Ndw,1470000,2019-11-09T20:56:39.000Z,17,61,64471
vHF0N_br3hE,UCqFMzb-4AUf6WAIbl132QKA,1310000,2019-11-09T03:54:05.000Z,17,540,72446
cLcPRoOuNwQ,UCz1hQ68G3XPVYEBoFDgSjcQ,1240000,2019-11-09T04:00:05.000Z,24,727,271491
PqZiUPT-O1o,UC9ckyA_A3MfXUa0ttxMoIZw,412000,2019-11-09T11:08:08.000Z,17,481,186535
AIABqIpS8Oc,UCpu3bemTQwAU8PqM4kJdoEQ,0,2019-11-09T05:46:53.000Z,25,87,92065
uGY-XI2GTuc,UCdlEXiVLTEvA280oyMvr8Kw,1250000,2019-11-09T17:01:17.000Z,23,694,378872
hXAcFGWPbIM,UC6ZFN9Tx6xh-skXCuRHCDpQ,1480000,2019-11-09T23:14:41.000Z,25,1497,67564
U2LujpprJM4,UCGie8GMlUo3kBKIopdvumVQ,534000,2019-11-09T17:30:00.000Z,24,345,355147
10aJ-wJ_lGw,UCBJeMCIeLQos7wacox4hmLQ,3520000,2019-11-09T22:30:10.000Z,17,253,146349
5tEb8xL8VH0,UCkhF9pRVYFI9aXM2in5JGmg,1810000,2019-11-09T08:00:00.000Z,24,165,261660
ZPGEPsLQ_as,UCpcTrCXblq78GZrTUTLWeBw,8250000,2019-11-09T13:11:43.000Z,17,335,105272
kEBZxFgLPOA,UCW6-BQWFA70Dyyc7ZpZ9Xlg,274000,2019-11-09T20:01:09.000Z,17,197,62189
uEjcbyrwfcY,UCEY1ejsweY4DgMwOVJeEaBA,8150000,2019-11-09T21:27:00.000Z,24,146,184798
j4Nu4Q2M-UY,UCW6-BQWFA70Dyyc7ZpZ9Xlg,274000,2019-11-09T12:08:23.000Z,17,243,94442
g_U1m02ODiM,UC9-OpMMVoNP5o10_Iyq7Ndw,1470000,2019-11-09T07:09:31.000Z,17,41,90411
6x0ZEvQT-yI,UCe52oeb7Xv_KaJsEzcKXJJg,7290000,2019-11-09T09:05:20.000Z,10,196,245853
eVFqprbSC58,UCLzB63OvFFlAjNNwMxjNHjg,715000,2019-11-09T22:05:31.000Z,22,126,876760
ckqJmyMaKkQ,UCgwv23FVv3lqh567yagXfNg,16400000,2019-11-09T05:00:08.000Z,10,231,192949
Tb1XiqnZ5JU,UC0-p7mK8hRVvV86yREq342A,251000,2019-11-09T21:16:44.000Z,24,139,184256
6aKlkHFHTEU,UC8BzJM6_VbZTdiNLD4R1jxQ,6030000,2019-11-09T12:00:00.000Z,24,218,87395
WGH1BSqX8A8,UCqa2MPu8bLY1PwVFUpSyVhQ,3450000,2019-11-09T13:00:10.000Z,22,302,85113
e80yZxz-Kr0,UCJ5v_MCY6GNUBTO8-D3XoAg,50900000,2019-11-09T17:30:00.000Z,17,83,23447
3nk7Pn6e8uQ,UC6SmH9mR82nj28_NNg_rZvA,635000,2019-11-09T10:08:09.000Z,20,137,31515
aXFWe5iE1AE,UC0-p7mK8hRVvV86yREq342A,251000,2019-11-09T21:16:29.000Z,24,146,132946
WyEiJAMuS1s,UCRFsyeKu07-LnHDG44O6uCA,335000,2019-11-09T17:42:33.000Z,17,328,44785
GoKO9cvQiEA,UCTAkwLbVzHxsbgsp6cRsPDg,3980000,2019-11-09T19:00:41.000Z,1,61,2862838
5YUcTrPAC_A,UC0DM_mHV2u6dj8ig51GkQwg,6910000,2019-11-09T02:30:00.000Z,24,73,163461
3BHXf3oZUhs,UCdomP1JqhnyBQGaBmfDl4KQ,504000,2019-11-09T23:13:39.000Z,22,156,160393
RtekoZO3sxQ,UCx6jsZ02B4K3SECUrkgPyzg,332000,2019-11-09T04:30:58.000Z,24,192,309635
W8CVRsfSckI,UCqFMzb-4AUf6WAIbl132QKA,1310000,2019-11-09T04:04:56.000Z,17,536,60365
-FeA82Ql-Jo,UC0-p7mK8hRVvV86yREq342A,251000,2019-11-09T21:15:58.000Z,24,140,117882
TjV7fKkeOO8,UC9JMe_We017gYrRc7kZHgmg,2850000,2019-11-09T19:07:35.000Z,1,61,711568
xRO8H9mYSkE,UCGCZAYq5Xxojl_tSXcVJhiQ,834000,2019-11-09T08:49:17.000Z,25,465,723016
oSTPsrNYFns,UCgXIDZzs8ksN7k9pl3K-50Q,152000,2019-11-09T09:00:08.000Z,24,423,53270
UMRr4WIhddg,UCdvQi8n5nSPnAVZ-xwJAMAg,1360000,2019-11-09T00:30:05.000Z,24,90,230148
B5N384CiUF8,UCSZbXT5TLLW_i-5W8FZpFsg,557000,2019-11-09T18:00:01.000Z,17,300,25521
BUs9rVVCIac,UCLojthXNTLMGp6XSp4wgPRw,1430000,2019-11-09T07:30:01.000Z,24,324,196179
IIYAMOb22WE,UCAHVxL9FG3Sp8ltQtLEy_oA,92300,2019-11-09T17:24:59.000Z,10,165,2473088
ZGAcjR2P4IQ,UCLojthXNTLMGp6XSp4wgPRw,1430000,2019-11-09T09:00:05.000Z,24,191,80100
W00e_CZYCO8,UCpiCK8c6PBktcxq7Az_t4RQ,254000,2019-11-09T04:00:02.000Z,24,180,150021
rdD-DMTWqU4,UC_aEa8K-EOJ3D6gOs7HcyNg,24100000,2019-11-09T16:15:00.000Z,10,231,861913
518y_Xb5b-k,UCGCZAYq5Xxojl_tSXcVJhiQ,834000,2019-11-09T10:22:48.000Z,25,161,46756
LD7WFFid44o,UC_JQGBtA7P0RwkRxd7xpJcA,503000,2019-11-09T16:54:38.000Z,17,410,191620
LD7WFFid44o,UC_JQGBtA7P0RwkRxd7xpJcA,503000,2019-11-09T16:54:38.000Z,17,410,191620
SFZgTczBoVU,UCLLibJTCy3sXjHLVaDimnpQ,496000,2019-11-09T11:00:06.000Z,19,3104,126397
A3gTbfXxOsY,UC0YatYmg5JRYzXJPxIdRd8g,222000,2019-11-09T21:00:45.000Z,17,85,14838
aJHaz-ClVhs,UCkinYTS9IHqOEwR1Sze2JTw,641000,2019-11-09T12:29:52.000Z,25,136,164006
6pI9SUJOcQA,UC5nwNW4KdC0SzrhF9BXEYOQ,1000000,2019-11-09T00:33:11.000Z,25,227,89589
d-k9djChUKc,UCM-ONC2bCHytG2mYtKDmIeA,241000,2019-11-09T18:51:36.000Z,20,210,1948
hxRLRRK9_MQ,UCUVZ7T_kwkxDOGFcDlFI-hg,4920000,2019-11-09T15:30:53.000Z,24,54,856914
234fRuJyGBg,UCL_cZf5sHKQHMRIEax5o3sg,308000,2019-11-09T17:00:01.000Z,24,3104,62813
p6uq9exFX5c,UC6UL29enLNe4mqwTfAyeNuw,1700000,2019-11-09T23:00:09.000Z,17,158,35016
jH1xL36uSiM,UCobgOt3poNKlml3Y5TnVU8Q,1430000,2019-11-09T23:00:03.000Z,27,346,91443
Dx4n0iuVVFI,UCq8BPLXtFeiSFOvmJrknWGg,661000,2019-11-09T03:03:43.000Z,17,372,360919
o67MbL8iEJs,UCyLHKUjX_fy8akafmRMr-PA,560000,2019-11-09T15:30:01.000Z,24,120,148361
Q7AEuDbtTiI,UC6SmH9mR82nj28_NNg_rZvA,635000,2019-11-09T10:07:45.000Z,20,95,49934
V0UjyzyUKd0,UCEY1ejsweY4DgMwOVJeEaBA,8150000,2019-11-09T20:21:30.000Z,24,163,220264
zSh6JzL7pLw,UCfCVlxInB4VuaDFLGqEQqaA,2920000,2019-11-09T21:19:14.000Z,23,605,162784
1d2nxTLfUi0,UC8BzJM6_VbZTdiNLD4R1jxQ,6030000,2019-11-09T16:00:00.000Z,24,1017,602174
33_5_yqDjRM,UCaXkIU1QidjPwiAYu6GcHjg,2130000,2019-11-09T05:41:09.000Z,25,490,221065
v826zjCOE1U,UCU2PacFf99vhb3hNiYDmxww,1460000,2019-11-09T07:00:04.000Z,17,410,200075
PCxGmu9OTTM,UC6c1z7bA__85CIWZ_jpCK-Q,493000,2019-11-09T23:26:14.000Z,17,191,45688
k4uXKjWdIj8,UCdlNK1xcy-Sn8liq7feNxWw,1230000,2019-11-09T14:30:00.000Z,27,4032,80100
RUnKzPpD38k,UC0-p7mK8hRVvV86yREq342A,251000,2019-11-09T21:16:13.000Z,24,146,86564
N1Ez1Sjl6Uw,UCnwooxxn8jOxdlO7UXI31Hw,0,2019-11-09T20:45:00.000Z,10,197,67663
6A75BySqTps,UCzlzGhKI5Y1LIeDJI53cWjQ,3750000,2019-11-09T02:30:01.000Z,24,239,263813
XdZdwj95iyw,UCiWLfSweyRNmLpgEHekhoAg,6000000,2019-11-09T15:00:03.000Z,17,266,80201
YsA1mvDKSWY,UCGydrkfIhUDNCotYQI8TJhA,4570000,2019-11-09T16:00:06.000Z,24,175,145402
iZWS-zLFoms,UCGvIBxqin_rx3sY9qacQEhQ,587000,2019-11-09T22:00:03.000Z,24,234,43030
OBVN3IrD1e0,UC3ZkCd7XtUREnjjt3cyY_gg,26200000,2019-11-09T11:00:04.000Z,24,1529,406330
PocAPKv_UU0,UCqd2hbtE2N9fb0D2nTrLT1w,769000,2019-11-09T14:00:06.000Z,26,149,214214
TO9JfUNH9lY,UCVSSpcmZD2PwPBqb8yKQKBA,564000,2019-11-09T21:27:24.000Z,17,385,91253
rdhVWY40vX0,UC0-p7mK8hRVvV86yREq342A,251000,2019-11-09T21:16:19.000Z,24,137,62913
GHGyUWaHYQw,UCoMdktPbSTixAyNGwb-UYkQ,1470000,2019-11-09T16:13:06.000Z,25,534,18755
tWaLltWs-ic,UCUVZ7T_kwkxDOGFcDlFI-hg,4920000,2019-11-09T14:46:12.000Z,24,55,1330381
ZfJUWP7Yj4U,UCgurmV2nVq_1DUb2pvGOKmg,244000,2019-11-09T22:45:00.000Z,24,205,52666
eEoMu0T-djE,UCbD8EppRX3ZwJSou-TVo90A,12300000,2019-11-09T08:50:37.000Z,24,211,55041
dopN766ginQ,UC0-p7mK8hRVvV86yREq342A,251000,2019-11-09T21:16:33.000Z,24,142,89245
TaBRWy-Z-1o,UCCzteqZRzsr87Lfh2wUKw5Q,344000,2019-11-09T21:18:42.000Z,1,257,512741
GIGk-ByDOjs,UCstEtN0pgOmCf02EdXsGChw,23000000,2019-11-09T07:00:01.000Z,24,1075,718642
w1ZyquwLQPo,UCnwooxxn8jOxdlO7UXI31Hw,0,2019-11-09T20:45:00.000Z,10,184,101012
l5aaMHYT5oI,UCB_qr75-ydFVKSF9Dmo6izg,3030000,2019-11-09T13:00:14.000Z,17,377,199877
3EXJJeFkNmM,UC3lz95UPhKJW1aS3_za6SuQ,2200000,2019-11-09T10:00:01.000Z,24,782,562411
3DNZjiOwhqc,UCBi2mrWuNuyYy4gbM6fU18Q,6860000,2019-11-09T16:56:23.000Z,25,246,63588
VD0A7HfV-PQ,UCT0hbLDa-unWsnZ6Rjzkfug,3100000,2019-11-09T09:43:48.000Z,24,919,182398
H6aXocHDHTw,UC3ZkCd7XtUREnjjt3cyY_gg,26200000,2019-11-09T11:00:00.000Z,24,1368,327321
rBD3phqpzgM,UCDPGY0-qQ7ttOe2BTXAgTNA,219000,2019-11-09T03:47:29.000Z,26,624,13105
eHa3OMdO1mc,UCuFFtHWoLl5fauMMD5Ww2jA,1550000,2019-11-09T01:00:06.000Z,25,990,29834
HuvWdxuu5Co,UC4i_9WvfPRTuRWEaWyfKuFw,2440000,2019-11-09T15:00:01.000Z,17,230,44571
VnJg5BDU2Kg,UC1DqlLj1onQhBfxW81OgQTw,222000,2019-11-09T03:00:12.000Z,24,203,107110
CcoGK8gzMeQ,UCGvIBxqin_rx3sY9qacQEhQ,587000,2019-11-09T17:00:03.000Z,24,519,34858
_HNI8HpMzFs,UCHGMBrXUzClgjEzBMei-Jdw,125000,2019-11-09T09:00:09.000Z,25,735,48360
492Bal8fupM,UChLtXXpo4Ge1ReTEboVvTDg,737000,2019-11-09T15:38:52.000Z,25,162,16738
NzuDM6UAw6Q,UCceJ8V7dmVGZDuHgXkqljpw,1230000,2019-11-09T19:22:10.000Z,24,372,92013
m6fifS7Q-tU,UCvgfXK4nTYKudb0rFR6noLA,7810000,2019-11-09T22:21:21.000Z,17,106,292359
bA8gG3phrZQ,UCQRELbX0H5FCokIFxOAsHFA,1960000,2019-11-09T18:00:06.000Z,24,153,40512
gSRtgo2zhkA,UCEY1ejsweY4DgMwOVJeEaBA,8150000,2019-11-09T21:36:16.000Z,24,152,80464
luJJ5GKuTcs,UC8BzJM6_VbZTdiNLD4R1jxQ,6030000,2019-11-09T16:00:07.000Z,24,809,388466
SV9e1Xk4K7k,UCWc-XpFHPK1SwGcvpFPZ8NA,493000,2019-11-09T12:00:03.000Z,17,196,101173
9e5nFNEEbf8,UC_IRYSp4auq7hKLvziWVH6w,4030000,2019-11-09T17:00:00.000Z,1,132,42181
KyEqfGkY76Y,UCU8bQExxd38i-mnn-GLOtfA,848000,2019-11-09T22:35:48.000Z,17,106,54792
KS-iJY6ufDc,UCjkGXhZsu5H64fWuNQNf1Xw,878000,2019-11-09T23:09:08.000Z,22,1555,277697
EXG1GriZH20,UCPlEIWlStxf-o_UyuWvJZfQ,648000,2019-11-09T23:30:00.000Z,24,254,185827
fihc40XbO8E,UCk8gzAOGprcGAFMWGzZ2zQw,433000,2019-11-09T19:06:06.000Z,17,290,132730
FhEVjEv2aNE,UC8f7MkX4MFOOJ2SerXLInCA,19700000,2019-11-09T14:00:00.000Z,24,897,299087
mfnhXiPN0T0,UCq3zaHCaZtb3TtNwwz0PK2w,13300000,2019-11-09T00:00:06.000Z,24,208,147025
rNXMjL84bSk,UCRdVJ9XqHCb6BqApCIO_TYg,959000,2019-11-09T15:59:46.000Z,1,391,97849
5UCGe6CJco8,UCpEhnqL0y41EpW2TvWAHD7Q,59400000,2019-11-09T01:30:02.000Z,24,3966,547414
RAJq8YpIUKc,UCfYCRj25JJQ41JGPqiqXmJw,1660000,2019-11-09T10:00:04.000Z,19,1268,280322
USa74maF8f4,UCsA_vkmuyIRlYYXeJueyIJQ,6990000,2019-11-09T20:39:20.000Z,24,5712,2272999
UDaNezCsQ5c,UCUVZ7T_kwkxDOGFcDlFI-hg,4920000,2019-11-09T17:44:58.000Z,24,46,624461
t5ppepHZtWM,UCgPClNr5VSYC3syrDUIlzLw,4040000,2019-11-09T01:00:04.000Z,24,100,25507
bXRFVPo0IhM,UCmZNqqNBVbLU1kT1T-YmSZw,66200,2019-11-09T13:00:05.000Z,22,713,77171
KQv-gBxsweg,UC8BzJM6_VbZTdiNLD4R1jxQ,6030000,2019-11-09T16:00:02.000Z,24,379,346229
Ya0J4owIJ00,UCek57Is95suO63uuW3iOGQw,915000,2019-11-09T16:52:50.000Z,23,204,530740
ruTE7pB1YPY,UC6c1z7bA__85CIWZ_jpCK-Q,493000,2019-11-09T19:22:44.000Z,17,302,39928
kT5wF4bnkn4,UCeLBNGSG9w5qEbzQqZjqjuw,857000,2019-11-09T18:02:25.000Z,24,46,184632
zATKOOKNzN8,UCGCZAYq5Xxojl_tSXcVJhiQ,834000,2019-11-09T10:36:06.000Z,25,161,166106
oGyEj3lX1AY,UCMPNAq4xRaz2XMtYSvm8oOA,494000,2019-11-09T21:34:22.000Z,24,348,6556
L36vnKhBBZI,UCXqlds5f7B2OOs9vQuevl4A,668000,2019-11-09T07:23:08.000Z,17,658,13487
6jlDT8IfEa8,UCNAf1k0yIjyGu3k9BwAg3lg,1620000,2019-11-09T18:00:00.000Z,17,311,27445
j4m0hV5aw_Y,UCLzB63OvFFlAjNNwMxjNHjg,715000,2019-11-09T21:15:51.000Z,22,45,1794765
Ml9_YkEhTwM,UC2l92bN_FWHjZZPdOYnZveg,2270000,2019-11-09T18:06:32.000Z,24,46,200877
qNyIcnhqwrc,UC-hWvVvE-crFl5vg5G8QbqA,177000,2019-11-09T19:34:33.000Z,17,71,72724
pZbaz20ulz4,UCWc-XpFHPK1SwGcvpFPZ8NA,493000,2019-11-09T12:00:09.000Z,17,196,84319
uils2ltSFio,UCZSKbSg4xlgvKYk7ET7awpA,3630000,2019-11-09T12:00:16.000Z,24,192,205844
WfXIH3HS5b4,UCdlEXiVLTEvA280oyMvr8Kw,1250000,2019-11-09T17:01:17.000Z,23,5029,912469
OX1fvf72ils,UCJe13zu6MyE6Oueac41KAqg,2640000,2019-11-09T22:36:28.000Z,24,45,386652
avc3Svp6yQY,UCZSKbSg4xlgvKYk7ET7awpA,3630000,2019-11-09T17:58:42.000Z,24,46,91166
_RPUPYKGM9k,UCxRmRUB3kX-X-_9YsNFhq3g,28100,2019-11-09T21:15:44.000Z,17,86,1969
Lg6aHBmTsPI,UCPlEIWlStxf-o_UyuWvJZfQ,648000,2019-11-10T00:00:00.000Z,24,380,509097
wk-24gvdafs,UCdvBex6r_1-i8Sut-mCy2Jw,654000,2019-11-09T15:20:36.000Z,10,210,98511
gBLneSRaAs0,UCMljRGC0eBJrxbUorWEnasg,88500,2019-11-09T14:00:09.000Z,2,547,12427
Y9z7gz7gTJg,UC6CE0jFHG2xsWtnehJaohPw,43100,2019-11-09T22:38:15.000Z,22,45,213430
4Dl1-FBnNV8,UCfsSoUSQzUimrjKhAKmshDQ,328000,2019-11-09T16:00:00.000Z,2,229,82191
UXURXr42aGs,UCkhF9pRVYFI9aXM2in5JGmg,1810000,2019-11-09T12:30:04.000Z,24,125,99831
L6rd5ML09hA,UCU5Z-qPL8Terv_te68esHOw,79400,2019-11-09T09:25:59.000Z,26,884,382922
ZxcshJmjUCA,UC6c1z7bA__85CIWZ_jpCK-Q,493000,2019-11-09T00:20:38.000Z,17,595,78376
aMS38f1QifI,UChLtXXpo4Ge1ReTEboVvTDg,737000,2019-11-09T16:46:46.000Z,25,79,6728
mz2kIceCLIM,UCWzenZSy9GJBcPzdSm-UX5w,684000,2019-11-09T10:00:11.000Z,1,742,1772287
KbLzdyCYvSE,UC8c0RvlxxfHbN74FEcTbTrg,32000,2019-11-09T22:28:52.000Z,17,640,9600
PRWgFzDDmAM,UCdWD3k5SQUGXpHDkioiTFCw,813000,2019-11-09T15:31:00.000Z,24,54,1066785
xr1g4MXAzE8,UC2l92bN_FWHjZZPdOYnZveg,2270000,2019-11-09T14:45:55.000Z,24,55,3466637
PRWgFzDDmAM,UCdWD3k5SQUGXpHDkioiTFCw,813000,2019-11-09T15:31:00.000Z,24,54,1066785
A_bDCaA4oK0,UC-SJ6nODDmufqBzPBwCvYvQ,1030000,2019-11-09T22:38:22.000Z,25,291,4060
h84sMFxzRsY,UCwiTOchWeKjrJZw7S1H__1g,1730000,2019-11-09T17:00:05.000Z,19,498,171551
J3u45NYwyVY,UCGCZAYq5Xxojl_tSXcVJhiQ,834000,2019-11-09T11:12:58.000Z,25,307,54113
k-cbjdqm4lU,UCp2J7GRxQ36QLqW4ReLLt5g,699000,2019-11-09T16:52:51.000Z,24,7587,268843
3WQkoLJ4QLE,UC3re3ueOE_6VZK85zlEUWFA,884000,2019-11-09T04:15:01.000Z,24,1023,275071
UWvm_1SWl1A,UCwnmHLNwY0WRLFqnZMMIIFQ,586000,2019-11-09T13:00:04.000Z,10,183,98247
7HG9BWoVipA,UC6yW44UGJJBvYTlfC7CRg2Q,2240000,2019-11-09T17:00:01.000Z,17,225,67854
HpxeHKXFZqc,UCja8sZ2T4ylIqjggA1Zuukg,162000,2019-11-09T21:04:24.000Z,17,468,55724
MiXtOuZ3-EI,UCZhYK0Hm4SEjU-L_bm-mgPw,141000,2019-11-09T00:00:00.000Z,23,959,66947
MVWQDDn3J2E,UCXv-co3EYHF7aOH4A93qAHQ,600000,2019-11-09T15:30:12.000Z,28,2118,156590
aiZnxQtanbk,UCpLq38fB0yaYr2XGBC89zkg,997000,2019-11-09T05:00:01.000Z,10,395,27104
CJjm9Are3HA,UCPlEIWlStxf-o_UyuWvJZfQ,648000,2019-11-09T22:45:52.000Z,24,196,39385
SzAJgI07CYk,UCx27Pkk8plpiosF14qXq-VA,1250000,2019-11-09T15:00:02.000Z,1,316,185857
rxwuDunFEhE,UCWc-XpFHPK1SwGcvpFPZ8NA,493000,2019-11-09T09:11:48.000Z,17,256,51775
yGJ5KgqZmok,UC6MfFxrAK-e4HcgJROvDJDg,3750000,2019-11-09T01:55:04.000Z,10,176,43620
Tk-6pZC-2Z4,UCJkBcPylctTT0_jVC5XMFIg,3260000,2019-11-09T12:00:09.000Z,1,722,90699
IXYumEVisY0,UCZkcxFIsqW5htimoUQKA0iA,1300000,2019-11-09T20:21:19.000Z,17,483,295376
JyMzIYbtyY8,UCvC4D8onUfXzvjTOM-dBfEA,13400000,2019-11-09T05:00:03.000Z,24,45,48068
5JaEg89_gY4,UCPlEIWlStxf-o_UyuWvJZfQ,648000,2019-11-09T22:45:00.000Z,24,235,108852
o9sr2KzjdSg,UC0_LJ1oJtR5keARJWupA3_g,1460000,2019-11-09T11:00:10.000Z,10,250,128829
QMOx6fFqJBc,UCxt9Pvye-9x_AIcb1UtmF1Q,1420000,2019-11-09T21:30:00.000Z,20,569,132291
kQwHW_kH5vE,UCk8gzAOGprcGAFMWGzZ2zQw,433000,2019-11-09T20:50:28.000Z,17,411,87805
R3pbN3CpU4M,UCNYJOAz1J80HEJy2HSM772Q,570000,2019-11-09T10:45:00.000Z,10,328,9079
86q2vIXj1ss,UCbcxFkd6B9xUU54InHv4Tig,374000,2019-11-09T20:39:38.000Z,17,34070,94957
0zsxgta6vx4,UC67gYd3-k37yrn5nISYxZzg,130000,2019-11-09T18:47:16.000Z,20,42901,389628
orK5dwpL2o4,UCVhibwHk4WKw4leUt6JfRLg,373000,2019-11-09T02:22:24.000Z,17,182,103094
nHDpzczgdo0,UCO8DQrSp5yEP937qNqTooOw,1530000,2019-11-09T17:18:52.000Z,28,2161,283482
v9TVvmf_6aY,UCceJ8V7dmVGZDuHgXkqljpw,1230000,2019-11-09T19:38:46.000Z,24,369,136242
INRCSbT3zA8,UCk8gzAOGprcGAFMWGzZ2zQw,433000,2019-11-09T20:27:46.000Z,17,552,32907
K_Vov2FX9wc,UCdWD3k5SQUGXpHDkioiTFCw,813000,2019-11-09T13:00:04.000Z,24,247,124729
f9-0e6mlcFs,UC5NOEUbkLheQcaaRldYW5GA,322000,2019-11-09T19:37:50.000Z,25,945,70904
AnNo4-ajOeg,UCiWLfSweyRNmLpgEHekhoAg,6000000,2019-11-09T23:15:00.000Z,17,336,64745
KB1XTrq5JLs,UCE0RhriywrL8XhXbo87tMKQ,234000,2019-11-09T22:51:59.000Z,17,317,220018
jEUoQVN80Jw,UCir93b_ftqInEaDpsWYbo_g,1740000,2019-11-09T00:43:23.000Z,27,499,13260
wJlUfTPgEdM,UCq3zaHCaZtb3TtNwwz0PK2w,13300000,2019-11-09T13:00:10.000Z,24,164,277159
iLsd4ykJMPo,UCfCVlxInB4VuaDFLGqEQqaA,2920000,2019-11-09T21:50:42.000Z,23,5002,557198
2tOHm4iDKu0,UCkAGrHCLFmlK3H2kd6isipg,16700000,2019-11-09T13:00:00.000Z,23,1337,152659
nn16udrIT3k,UC-PepfX4nM19zhdgEn3o5kg,822000,2019-11-09T19:00:04.000Z,22,796,66107
2RWCFwQ1yi0,UCtiObj3CsEAdNU6ZPWDsddQ,2770000,2019-11-09T05:00:06.000Z,10,86,63052
u5lCVLUuqxU,UCTLBJ_2dg5G109qFR34wRRA,1850000,2019-11-09T08:00:08.000Z,24,209,71555
8gqc8e3joqw,UCjOl2AUblVmg2rA_cRgZkFg,6870000,2019-11-09T04:00:00.000Z,2,224,149236
43gnr4MTAiA,UCPlEIWlStxf-o_UyuWvJZfQ,648000,2019-11-09T22:30:00.000Z,24,195,41431
QF5h4753G78,UCKl0gSq0JOcdzXTrS4gk2cg,348000,2019-11-09T01:00:00.000Z,24,757,382820
fbcXDOUGtfk,UCYC2wjLop-S6Ld4raeoUVNA,3490000,2019-11-09T16:00:05.000Z,1,77,105098
D5NOprRJedA,UCnUu_cR3-FfLEsLcAR1yhWw,118000,2019-11-09T14:18:13.000Z,10,60,34405
1KLf41ptJ2E,UCNlCLbfwsNGySLzPxaL1OxQ,48300,2019-11-09T04:53:28.000Z,27,10865,34285
mmyxjR5NP1w,UC6c1z7bA__85CIWZ_jpCK-Q,493000,2019-11-09T21:49:53.000Z,17,250,85887
HqIX8qIeW1g,UCyX73usMFYTWVVvmV18aC2Q,412000,2019-11-09T16:11:25.000Z,26,996,128092
sQfhdok1Ldk,UCzrdtk6p4SaakMz2ZmOkCQQ,961000,2019-11-09T11:27:47.000Z,17,3231,65409
fbcXDOUGtfk,UCYC2wjLop-S6Ld4raeoUVNA,3490000,2019-11-09T16:00:05.000Z,1,77,105098
D5NOprRJedA,UCnUu_cR3-FfLEsLcAR1yhWw,118000,2019-11-09T14:18:13.000Z,10,60,34405
1KLf41ptJ2E,UCNlCLbfwsNGySLzPxaL1OxQ,48300,2019-11-09T04:53:28.000Z,27,10865,34285
mmyxjR5NP1w,UC6c1z7bA__85CIWZ_jpCK-Q,493000,2019-11-09T21:49:53.000Z,17,250,85887
HqIX8qIeW1g,UCyX73usMFYTWVVvmV18aC2Q,412000,2019-11-09T16:11:25.000Z,26,996,128092
sQfhdok1Ldk,UCzrdtk6p4SaakMz2ZmOkCQQ,961000,2019-11-09T11:27:47.000Z,17,3231,65409
N6hwaNQSmC4,UCWQTpoxOjQTSQmZRGm-7nbw,1500000,2019-11-09T20:00:15.000Z,24,1025,438382
d533-6m7i5o,UCknLrEdhRCp1aegoMqRaCZg,784000,2019-11-09T12:00:51.000Z,25,396,9154
A1auZff-JIw,UC3tIBijiJYb0PjOh_kr7DuA,284000,2019-11-09T05:00:00.000Z,10,301,43445
W90LnEdk1Rc,UCZEOvoFUl6pkx7rts8KKkhw,66600,2019-11-09T10:30:00.000Z,17,346,16209
JOhWOWuNyps,UCwD9E_QNwFwrQC7OnPnrg2Q,67300,2019-11-09T12:33:01.000Z,17,149,71599
qO7gEflnsE0,UCeLBNGSG9w5qEbzQqZjqjuw,857000,2019-11-09T13:30:02.000Z,24,416,65396
bymhQjb6taM,UC2D0dmLHKbIe9aACnlcTLPg,1960000,2019-11-09T15:15:08.000Z,24,5889,292677
_pHfvtsrung,UC8BzJM6_VbZTdiNLD4R1jxQ,6030000,2019-11-09T16:00:07.000Z,24,46,257528
r0dAFviEhy4,UCoQBJMzcwmXrRSHBFAlTsIw,145000,2019-11-09T10:02:20.000Z,25,6642,870818
3Xtgtg93Ji8,UC2MHTOXktfTK26aDKyQs3cQ,1200000,2019-11-09T01:21:42.000Z,17,25866,60531
h8-iL5p4bSM,UCGIY_O-8vW4rfX98KlMkvRg,6180000,2019-11-09T15:00:11.000Z,20,31,100914
Yurf1qroLyI,UCCzteqZRzsr87Lfh2wUKw5Q,344000,2019-11-09T21:18:42.000Z,1,395,280547
DZ6wPEe8mlU,UCAeWdyKJXGWmVAXFpgLNNTg,569000,2019-11-09T23:51:32.000Z,25,162,182399
ZwLUdnFFCkI,UCGVIctjzeX-ZoXgTphwJHWQ,2070000,2019-11-09T14:00:04.000Z,24,185,147803
v0-_f9kueZs,UC8f7MkX4MFOOJ2SerXLInCA,19700000,2019-11-09T12:38:33.000Z,24,696,158731
s5yla_KYJ3M,UCCzteqZRzsr87Lfh2wUKw5Q,344000,2019-11-09T21:18:42.000Z,1,9140,1453300
WVV4_uGGajQ,UCdomP1JqhnyBQGaBmfDl4KQ,504000,2019-11-09T00:13:22.000Z,22,729,219580
RF-uZW9fACo,UCNcdbMyA59zE-Vk668bKWOg,5410000,2019-11-09T20:45:00.000Z,24,101,121046
GqVErmWiZ6o,UCUjXcNjOpNXhamNRcuEikUA,1300000,2019-11-09T15:37:51.000Z,24,4343,2036556
skTFIUJoJJg,UCLzB63OvFFlAjNNwMxjNHjg,715000,2019-11-09T22:31:42.000Z,22,8737,954442
mEGCYu6gQcw,UC_Lnb8ZHqqgLbp-7hltuT9w,221000,2019-11-09T13:00:09.000Z,25,187,10352
pVfUHh8lpXM,UCabaQPYxxKepWUsEVQMT4Kw,338000,2019-11-09T00:00:52.000Z,27,253,9281
MCNp1SCWltA,UC0-p7mK8hRVvV86yREq342A,251000,2019-11-09T21:16:05.000Z,24,140,47642
AVlkT_ZXo8M,UCNlCLbfwsNGySLzPxaL1OxQ,48300,2019-11-09T05:01:08.000Z,27,60,1317
ugMpIKKy_KI,UCGwjCpn2cZyAPF7CH982kjA,33500,2019-11-09T06:37:27.000Z,27,678,6689
-f10TP7NV-I,UCB4BRxXp2TsMCe8kU29h3Qw,2380000,2019-11-09T13:00:01.000Z,1,2980,127663
T2VS8TGDT8U,UCdWD3k5SQUGXpHDkioiTFCw,813000,2019-11-09T09:00:04.000Z,24,197,61583
Ycx2vg_XkvU,UCsA_vkmuyIRlYYXeJueyIJQ,6990000,2019-11-09T07:03:26.000Z,25,909,49362
NRzEDkt4PD0,UCS3nuaXXw7nsiSzdJ5HJaoQ,311000,2019-11-09T14:03:45.000Z,25,2950,92650
npbEuOu5p1s,UCSjPe5kinQtwcyHcFJyyMfw,1410000,2019-11-09T13:40:53.000Z,24,694,30681
fZim84LTN0Y,UCM4d4vlR_63WQJv6UxTwZqg,207000,2019-11-09T17:00:15.000Z,26,1125,2287
kA25IVAo3QQ,UCWOA1ZGywLbqmigxE4Qlvuw,11700000,2019-11-09T17:00:01.000Z,24,94,42984
cx7iTlLaz0Q,UCceJ8V7dmVGZDuHgXkqljpw,1230000,2019-11-09T18:57:54.000Z,24,4918,354599
RulTqZo-T6Y,UCiWrjBhlICf_L_RK5y6Vrxw,1560000,2019-11-09T09:00:04.000Z,17,190,3420
OhqVVfG2W8c,UCEY1ejsweY4DgMwOVJeEaBA,8150000,2019-11-09T20:39:34.000Z,24,150,60480
CVMcy9eggdM,UCLtREJY21xRfCuEKvdki1Kw,2100000,2019-11-09T17:19:50.000Z,24,8070,707299
bygJw3UStSg,UCZFMm1mMw0F81Z37aaEzTUA,5880000,2019-11-09T17:48:27.000Z,25,143,184290
KXuZUivyIUM,UCJhjE7wbdYAae1G25m0tHAA,1820000,2019-11-09T22:15:24.000Z,10,14579,46361
AUxSNiDKiS0,UCS3nuaXXw7nsiSzdJ5HJaoQ,311000,2019-11-09T09:00:09.000Z,25,3112,56576
YpbJNepqAdM,UCS3nuaXXw7nsiSzdJ5HJaoQ,311000,2019-11-09T16:00:06.000Z,25,5737,139105
v50DcDOaERE,UCklie6BM0fhFvzWYqQVoCTA,121000,2019-11-09T08:22:37.000Z,17,1012,32801
0BS6cush_C0,UCNcdbMyA59zE-Vk668bKWOg,5410000,2019-11-09T17:45:01.000Z,24,100,50309
TPAAX9_JZzo,UC1xwwLwm6WSMbUn_Tp597hQ,1050000,2019-11-09T03:23:22.000Z,24,1465,55762
UalqEeWJeVY,UCLZBXiS9ZrIXgKBs_SMfGBQ,741000,2019-11-09T14:12:23.000Z,25,1645,196264
QrMS-XCEk74,UCKpv0aXnKBkiU5uiEWAdpgg,48800,2019-11-09T05:12:13.000Z,17,176,2563
Wb6vJ3frfks,UCceJ8V7dmVGZDuHgXkqljpw,1230000,2019-11-09T19:44:12.000Z,24,2309,170701
T0ox4WMVYFE,UCgmb7SRxJOBFB492gzT9Eaw,181000,2019-11-09T06:28:13.000Z,10,0,126893
32j2Tg64Zbg,UChh-akEbUM8_6ghGVnJd6cQ,1300000,2019-11-09T13:51:35.000Z,17,3437,66993
k4vIKqVDXBo,UCa10nxShhzNrCE1o2ZOPztg,27700000,2019-11-09T17:00:15.000Z,10,205,170422
aMa_II0BVAk,UCGCpa--gJo5Dzi0oxNgUPrw,131000,2019-11-09T20:00:01.000Z,20,776,57920
V7-gB6YJMb0,UCeGvSi1Tb8OV78ue3_tux1A,1390000,2019-11-09T07:00:02.000Z,24,492,90542
gLg9ZwWfFoo,UCrqhfDGnhT92GUUWn0565gA,596000,2019-11-09T03:30:01.000Z,24,4018,571380
XtVGWw91Tes,UCoyaxd5LQSuP4ChkxK0pnZQ,3860000,2019-11-09T22:25:41.000Z,20,35062,239159
65yZGNNePck,UC14UlmYlSNiQCBe9Eookf_A,8290000,2019-11-09T23:04:12.000Z,17,11016,593782
YLfYltunoUw,UCnRuuiSVqDF2EmoYS7yE6ZA,268000,2019-11-09T16:00:08.000Z,1,646,87828
R-kPQGgLN6w,UCEwIUtFBhaI2L2PuKv0KL2g,3990000,2019-11-09T06:00:04.000Z,23,2946,106693
sJb36e6qhvQ,UCWV3obpZVGgJ3j9FVhEjF2Q,5200000,2019-11-09T17:48:34.000Z,24,1567,64405
x5UUU8WoNVo,UCLzB63OvFFlAjNNwMxjNHjg,715000,2019-11-09T22:03:58.000Z,22,109,117008
poGJJhZLXxk,UCJVnKZWT3WXxfG8T6EUdezw,2350000,2019-11-09T20:45:01.000Z,24,71,112559
KOouZrM3m_I,UCmQTY7b5w61WlmBbJ5a8XrQ,373000,2019-11-09T21:16:10.000Z,25,2709,382520
_CeQBvnBXjs,UCrlIS7z20CnVaCrMvdkig_g,76500,2019-11-09T16:38:46.000Z,25,126,522
hmwXkIvkShg,UCSjPe5kinQtwcyHcFJyyMfw,1410000,2019-11-09T09:04:16.000Z,24,13403,72469
7Y7UIyZVJMA,UC5NOEUbkLheQcaaRldYW5GA,322000,2019-11-09T23:05:25.000Z,25,1467,17432
xrF3hSNIQQE,UC4m9BT6c0LveXrh5KF3Spcw,0,2019-11-09T21:34:05.000Z,17,444,1263
skBGmOUQiZY,UCGRODP7wtTU_uyNZmu9cb7g,2590000,2019-11-09T10:00:07.000Z,1,1533,63686
rpR_ybkBOvo,UCKpv0aXnKBkiU5uiEWAdpgg,48800,2019-11-09T10:28:55.000Z,17,61,354
8jWeZbMB1yU,UCiBxZWamaDdlemljJ3aGPZQ,514000,2019-11-09T20:30:00.000Z,24,60,5670
T-BF_KaG7rg,UC9trsD1jCTXXtN3xIOIU8gg,7110000,2019-11-09T16:00:02.000Z,1,1449,1854177
PHP3DJR8qNU,UCsA_vkmuyIRlYYXeJueyIJQ,6990000,2019-11-09T20:58:57.000Z,22,1767,505880
11hecCaavYM,UCNAf1k0yIjyGu3k9BwAg3lg,1620000,2019-11-09T21:30:47.000Z,17,283,125481
r15EX6mmLnI,UC4i_9WvfPRTuRWEaWyfKuFw,2440000,2019-11-09T14:00:06.000Z,17,185,27462
RkfXO72CbTk,UC6c1z7bA__85CIWZ_jpCK-Q,493000,2019-11-09T21:09:26.000Z,17,232,73668
fBZMzJdW71E,UC8oimTPVHKiC7oL3QgdKbgg,506000,2019-11-09T13:59:48.000Z,24,162,56588
Rvx-ZQwxMJI,UC8yH-uI81UUtEMDsowQyx1g,685000,2019-11-09T14:28:42.000Z,25,20730,73042
jBY-EKRuFbk,UCGydrkfIhUDNCotYQI8TJhA,4570000,2019-11-09T18:00:02.000Z,24,179,65489
5F7LnL1XVak,UCWSPqhLRvqjC-vLYA5_n4LQ,321000,2019-11-09T10:58:13.000Z,20,26110,80059
R28xVF2gAvg,UCVSNOxehfALut52NbkfRBaA,613000,2019-11-09T00:35:09.000Z,25,82,28164
KIhcG0LyskM,UClSQOi2gnn9bi7mcgQrAVKA,2220,2019-11-09T02:57:21.000Z,17,117,712
CnZwRfXFvhs,UCZzfOkvfLKdKYEWAZ_Vc0zg,844000,2019-11-09T12:00:02.000Z,27,124,1561529
RezOoFIW9oI,UC4p_I9eiRewn2KoU-nawrDg,97600,2019-11-09T04:02:17.000Z,25,86,897
piWvQapFyA8,UCKpv0aXnKBkiU5uiEWAdpgg,48800,2019-11-09T04:31:19.000Z,17,59,2405
huNwSff_gX4,UClbYzBq_iCnk4Vg4HF1MhfQ,2180000,2019-11-09T11:02:47.000Z,24,684,106695
3zh65mGn0_E,UC_5niPa-d35gg88HaS7RrIw,4130000,2019-11-09T00:58:19.000Z,24,68,17178
UvgPoQWwEUg,UCuju5K7RVyqTZ0xVPbb3Zvg,264000,2019-11-09T07:00:05.000Z,1,1231,58322
kRiSPbwWalE,UCrh8Fd_QKmzhv4lhrS-k4sQ,387000,2019-11-09T20:41:53.000Z,20,26127,273439
XW7rn6WuhM4,UCAOtE1V7Ots4DjM8JLlrYgg,10900000,2019-11-09T07:00:05.000Z,1,3705,5088224
v48i09cZbIk,UCjBp_7RuDBUYbd1LegWEJ8g,3280000,2019-11-09T00:09:17.000Z,20,32,30224
KGXYywxWhWA,UCUe6ZpY6TJ0no8jI4l2iLxw,9820000,2019-11-09T11:00:04.000Z,1,256,707509
l_suVjyN1ys,UCWV3obpZVGgJ3j9FVhEjF2Q,5200000,2019-11-09T09:25:31.000Z,17,105,56719
GkFKoRnQ7Hw,UC-2Y8dQb0S6DtpxNgAKoJKA,9180000,2019-11-09T00:53:25.000Z,20,100,58361
7u9Bt6dvUMg,UC14Yc2Qv92DMuyNRlHvpo2Q,661000,2019-11-09T09:00:04.000Z,1,31,56985
qL7wzaRTCLM,UCsU-I-vHLiaMfV_ceaYz5rQ,1190000,2019-11-09T14:06:26.000Z,25,2718,54358
tkbIbluaO-U,UCvC4D8onUfXzvjTOM-dBfEA,13400000,2019-11-09T17:00:12.000Z,24,30,17344
9AzWa1ExpBI,UCAGIfMKaGF-jGydbYXBN4RQ,1510000,2019-11-09T13:59:34.000Z,10,154,779789
